head,inter,locus,k4,k27,
0,0,0,0,1
0,0,0,0,1
0,0,0,0,1
0,0,0,0,1
0,0,0,0,1
0,0,0,0,1
0,0,0,0,1
0,0,0,0,1
0,0,0,0,1
0,0,0,0,1
0,0,0,0,1
0,0,0,0,1
0,0,0,0,1
0,0,0,0,1
0,0,0,0,1
0,0,0,0,1
0,0,0,0,1
0,0,0,0,1
1,0,0,0,1
0,0,0,0,1
0,0,0,0,1
0,0,0,0,1
0,0,0,0,1
0,0,0,0,1
0,0,0,0,1
0,0,0,0,1
0,0,0,0,1
0,0,0,0,1
0,0,0,0,1
0,0,0,0,1
0,0,0,0,1
0,0,0,0,1
0,0,0,0,1
0,0,0,0,1
0,0,0,0,1
0,0,0,0,1
0,0,0,0,1
0,0,0,0,1
0,0,0,0,1
0,0,0,0,1
0,0,0,0,1
0,0,0,0,1
0,0,0,0,1
0,0,0,0,1
0,0,0,0,1
0,0,0,0,1
0,0,0,0,1
0,0,0,0,1
0,0,0,0,1
0,0,0,0,1
0,0,0,0,1
0,0,0,0,1
0,0,0,0,1
0,0,0,0,1
0,0,0,0,1
0,0,0,0,1
0,0,0,0,1
0,0,0,0,1
0,0,0,0,1
0,0,0,0,1
0,0,0,0,1
0,0,0,0,1
0,0,0,0,1
0,0,0,0,1
0,0,0,0,1
0,0,0,0,1
0,0,0,0,1
0,0,0,0,1
0,0,0,0,1
0,0,0,0,1
0,0,0,0,1
0,0,0,0,1
0,0,0,0,1
0,0,0,0,1
0,0,0,0,1
0,0,0,0,1
0,0,0,0,1
0,0,0,0,1
0,0,0,0,1
0,0,0,0,1
0,0,0,0,1
0,0,0,0,1
0,0,0,0,1
0,0,0,0,1
0,0,0,0,1